scope,source,mode,topic_id,optimal_k,coherence,keywords
all,all,unigram,0,6,0.3469,"0.040*""관리"" + 0.038*""비듬"" + 0.029*""지루"" + 0.027*""탈모"" + 0.025*""스트렝스"" + 0.023*""클리니컬"" + 0.020*""효과"" + 0.020*""오일"""
all,all,unigram,1,6,0.3469,"0.055*""스트렝스"" + 0.037*""클리니컬"" + 0.037*""비듬"" + 0.035*""냄새"" + 0.027*""정수리"" + 0.022*""용량"" + 0.018*""각질"" + 0.018*""세정"""
all,all,unigram,2,6,0.3469,"0.071*""비듬"" + 0.035*""지루"" + 0.031*""케어"" + 0.023*""솔루션"" + 0.020*""토탈"" + 0.018*""클린"" + 0.014*""지성"" + 0.014*""성분"""
all,all,unigram,3,6,0.3469,"0.175*""비듬"" + 0.048*""방법"" + 0.042*""각질"" + 0.027*""효과"" + 0.016*""스트레스"" + 0.013*""프로페셔널"" + 0.011*""아이"" + 0.011*""고민"""
all,all,unigram,4,6,0.3469,"0.056*""비듬"" + 0.030*""각질"" + 0.024*""케어"" + 0.024*""뾰루지"" + 0.023*""건성"" + 0.022*""클리니컬"" + 0.017*""병원"" + 0.017*""스트렝스"""
all,all,unigram,5,6,0.3469,"0.070*""탈모"" + 0.067*""비듬"" + 0.037*""관리"" + 0.029*""케어"" + 0.026*""안티트로"" + 0.026*""효과"" + 0.021*""고민"" + 0.018*""지루"""
all,all,bigram,0,3,0.598,"0.042*""비듬_방법"" + 0.029*""토탈_솔루션"" + 0.012*""각질_제거"" + 0.012*""방법_비듬"" + 0.010*""솔루션_클린"" + 0.008*""정수리_냄새"" + 0.007*""비듬_고민"" + 0.007*""관리_방법"""
all,all,bigram,1,3,0.598,"0.050*""클리니컬_스트렝스"" + 0.019*""비듬_각질"" + 0.018*""각질_비듬"" + 0.012*""스트렝스_비듬"" + 0.011*""탈모_관리"" + 0.010*""지루_비듬"" + 0.009*""오일_컨트롤"" + 0.009*""탈모_완화"""
all,all,bigram,2,3,0.598,"0.031*""비듬_비듬"" + 0.012*""비듬_효과"" + 0.011*""맥주_효모"" + 0.010*""건성_비듬"" + 0.008*""비듬_고민"" + 0.006*""생활_습관"" + 0.006*""비듬_탈모"" + 0.006*""증상_완화"""
all,all,unibi_mix,0,7,0.3524,"0.065*""스트렝스"" + 0.051*""클리니컬"" + 0.044*""클리니컬_스트렝스"" + 0.018*""비듬"" + 0.014*""성분"" + 0.014*""안티트로"" + 0.013*""효과"" + 0.012*""지루"""
all,all,unibi_mix,1,7,0.3524,"0.028*""비듬"" + 0.020*""효과"" + 0.019*""니조랄"" + 0.018*""프로페셔널"" + 0.012*""성분"" + 0.010*""병원"" + 0.008*""스트렝스"" + 0.008*""인기"""
all,all,unibi_mix,2,7,0.3524,"0.085*""비듬"" + 0.031*""각질"" + 0.031*""방법"" + 0.019*""지루"" + 0.019*""비듬_방법"" + 0.016*""건성"" + 0.015*""고민"" + 0.014*""관리"""
all,all,unibi_mix,3,7,0.3524,"0.039*""비듬"" + 0.033*""효과"" + 0.025*""안티트로"" + 0.013*""각질"" + 0.012*""지루성두피염"" + 0.011*""지성"" + 0.010*""미용실"" + 0.009*""트러블"""
all,all,unibi_mix,4,7,0.3524,"0.070*""비듬"" + 0.038*""케어"" + 0.024*""솔루션"" + 0.021*""토탈"" + 0.021*""토탈_솔루션"" + 0.017*""지성"" + 0.014*""건강"" + 0.014*""클린"""
all,all,unibi_mix,5,7,0.3524,"0.034*""비듬"" + 0.029*""냄새"" + 0.016*""지루"" + 0.016*""정수리"" + 0.012*""정수리_냄새"" + 0.012*""아침"" + 0.010*""산성"" + 0.010*""각질"""
all,all,unibi_mix,6,7,0.3524,"0.067*""탈모"" + 0.055*""비듬"" + 0.034*""관리"" + 0.017*""각질"" + 0.016*""지루"" + 0.014*""케어"" + 0.012*""제거"" + 0.010*""고민"""
blog,blog,unigram,0,6,0.314,"0.110*""비듬"" + 0.041*""지루"" + 0.029*""해결"" + 0.029*""오일"" + 0.027*""제거"" + 0.026*""피부염"" + 0.025*""치료"" + 0.020*""바디브"""
blog,blog,unigram,1,6,0.314,"0.056*""지성"" + 0.055*""비듬"" + 0.053*""케어"" + 0.030*""용량"" + 0.030*""효과"" + 0.022*""솔루션"" + 0.022*""방법"" + 0.020*""냄새"""
blog,blog,unigram,2,6,0.314,"0.090*""비듬"" + 0.032*""제거"" + 0.032*""지루"" + 0.031*""냄새"" + 0.030*""각질"" + 0.026*""방법"" + 0.025*""해결"" + 0.025*""정수리"""
blog,blog,unigram,3,6,0.314,"0.077*""안티트로"" + 0.056*""비듬"" + 0.056*""탈모"" + 0.033*""케어"" + 0.030*""지루"" + 0.028*""성분"" + 0.026*""효과"" + 0.019*""완화"""
blog,blog,unigram,4,6,0.314,"0.111*""비듬"" + 0.038*""관리"" + 0.031*""방법"" + 0.023*""각질"" + 0.019*""건조"" + 0.017*""자극"" + 0.015*""원인"" + 0.014*""제거"""
blog,blog,unigram,5,6,0.314,"0.113*""비듬"" + 0.073*""관리"" + 0.043*""탈모"" + 0.036*""각질"" + 0.030*""케어"" + 0.021*""건강"" + 0.020*""고민"" + 0.016*""건성"""
blog,blog,bigram,0,3,0.6177,"0.037*""클리니컬_스트렝스"" + 0.035*""비듬_각질"" + 0.030*""정수리_냄새"" + 0.026*""비듬_비듬"" + 0.025*""비듬_방법"" + 0.023*""탈모_관리"" + 0.021*""각질_비듬"" + 0.020*""지루_피부염"""
blog,blog,bigram,1,3,0.6177,"0.035*""관리_방법"" + 0.034*""각질_제거"" + 0.027*""가려움증_비듬"" + 0.026*""오일_컨트롤"" + 0.023*""비듬_방법"" + 0.017*""지루_비듬"" + 0.017*""관리_비듬"" + 0.016*""비듬_제거"""
blog,blog,bigram,2,3,0.6177,"0.050*""토탈_솔루션"" + 0.033*""비듬_고민"" + 0.026*""큐레브_안티트로"" + 0.019*""솔루션_케어"" + 0.015*""청소년_비듬"" + 0.015*""비듬_효과"" + 0.014*""케어_비듬"" + 0.014*""비듬_클리너"""
blog,blog,unibi_mix,0,7,0.3136,"0.054*""비듬"" + 0.052*""관리"" + 0.042*""탈모"" + 0.031*""케어"" + 0.021*""각질"" + 0.018*""지루"" + 0.017*""산성"" + 0.015*""맥주_효모"""
blog,blog,unibi_mix,1,7,0.3136,"0.107*""탈모"" + 0.058*""관리"" + 0.044*""비듬"" + 0.024*""케어"" + 0.018*""각질"" + 0.014*""탈모_관리"" + 0.013*""예방"" + 0.013*""하루"""
blog,blog,unibi_mix,2,7,0.3136,"0.053*""냄새"" + 0.050*""비듬"" + 0.029*""스트렝스"" + 0.029*""클리니컬"" + 0.027*""정수리"" + 0.026*""클리니컬_스트렝스"" + 0.023*""정수리_냄새"" + 0.023*""지루"""
blog,blog,unibi_mix,3,7,0.3136,"0.098*""비듬"" + 0.034*""방법"" + 0.028*""관리"" + 0.021*""증상"" + 0.020*""효과"" + 0.017*""각질"" + 0.014*""건성"" + 0.014*""지루"""
blog,blog,unibi_mix,4,7,0.3136,"0.086*""안티트로"" + 0.050*""비듬"" + 0.022*""지성"" + 0.021*""느낌"" + 0.021*""지루"" + 0.020*""고민"" + 0.020*""해결"" + 0.019*""효과"""
blog,blog,unibi_mix,5,7,0.3136,"0.074*""케어"" + 0.065*""비듬"" + 0.034*""솔루션"" + 0.034*""토탈"" + 0.031*""용량"" + 0.031*""토탈_솔루션"" + 0.016*""클린앤밸런스"" + 0.015*""헤드"""
blog,blog,unibi_mix,6,7,0.3136,"0.100*""비듬"" + 0.042*""각질"" + 0.028*""방법"" + 0.025*""관리"" + 0.020*""건강"" + 0.018*""미용실"" + 0.015*""원인"" + 0.014*""케어"""
cafearticle,cafearticle,unigram,0,5,0.3414,"0.106*""각질"" + 0.068*""비듬"" + 0.044*""케어"" + 0.036*""효과"" + 0.035*""건성"" + 0.026*""병원"" + 0.024*""지루"" + 0.017*""원인"""
cafearticle,cafearticle,unigram,1,5,0.3414,"0.051*""케어"" + 0.046*""지루"" + 0.042*""탈모"" + 0.040*""비듬"" + 0.030*""고민"" + 0.024*""지성"" + 0.023*""아이"" + 0.022*""모발"""
cafearticle,cafearticle,unigram,2,5,0.3414,"0.124*""스트렝스"" + 0.098*""클리니컬"" + 0.039*""비듬"" + 0.032*""효과"" + 0.026*""지루"" + 0.014*""안티트로"" + 0.013*""그레이"" + 0.012*""정보"""
cafearticle,cafearticle,unigram,3,5,0.3414,"0.239*""비듬"" + 0.056*""방법"" + 0.027*""효과"" + 0.026*""탈모"" + 0.023*""각질"" + 0.016*""스트레스"" + 0.014*""느낌"" + 0.014*""고민"""
cafearticle,cafearticle,unigram,4,5,0.3414,"0.049*""토탈"" + 0.047*""솔루션"" + 0.039*""클린"" + 0.034*""비듬"" + 0.020*""프로페셔널"" + 0.018*""케어"" + 0.018*""탈모"" + 0.018*""블랙"""
cafearticle,cafearticle,bigram,0,2,0.5951,"0.105*""클리니컬_스트렝스"" + 0.048*""토탈_솔루션"" + 0.032*""스트렝스_비듬"" + 0.020*""솔루션_클린"" + 0.018*""비듬_효과"" + 0.016*""오일_컨트롤"" + 0.013*""케어_트리트먼트"" + 0.012*""지루_피부염"""
cafearticle,cafearticle,bigram,1,2,0.5951,"0.064*""비듬_방법"" + 0.034*""비듬_각질"" + 0.032*""비듬_비듬"" + 0.016*""비듬_고민"" + 0.016*""건성_케어"" + 0.015*""지루_비듬"" + 0.015*""방법_비듬"" + 0.014*""각질_비듬"""
cafearticle,cafearticle,unibi_mix,0,3,0.338,"0.032*""비듬"" + 0.023*""지루"" + 0.022*""토탈"" + 0.022*""토탈_솔루션"" + 0.022*""솔루션"" + 0.017*""케어"" + 0.016*""클린"" + 0.014*""관리"""
cafearticle,cafearticle,unibi_mix,1,3,0.338,"0.111*""비듬"" + 0.039*""스트렝스"" + 0.030*""클리니컬"" + 0.027*""각질"" + 0.026*""클리니컬_스트렝스"" + 0.026*""방법"" + 0.022*""효과"" + 0.021*""탈모"""
cafearticle,cafearticle,unibi_mix,2,3,0.338,"0.045*""케어"" + 0.039*""비듬"" + 0.020*""효과"" + 0.015*""고민"" + 0.013*""지루"" + 0.013*""용량"" + 0.012*""건강"" + 0.011*""성분"""
youtube,youtube,unigram,0,5,0.365,"0.034*""뾰루지"" + 0.034*""기름"" + 0.020*""탈모"" + 0.017*""비듬"" + 0.012*""노화"" + 0.012*""가려움증"" + 0.012*""여성"" + 0.012*""걱정"""
youtube,youtube,unigram,1,5,0.365,"0.047*""각질"" + 0.045*""비듬"" + 0.033*""고민"" + 0.021*""아침"" + 0.019*""지성두피"" + 0.018*""냄새"" + 0.016*""저녁"" + 0.015*""친구"""
youtube,youtube,unigram,2,5,0.365,"0.075*""지루"" + 0.039*""탈모"" + 0.029*""성분"" + 0.025*""관리"" + 0.017*""중요"" + 0.017*""스트렝스"" + 0.016*""병원"" + 0.014*""고생"""
youtube,youtube,unigram,3,5,0.365,"0.093*""비듬"" + 0.050*""탈모"" + 0.028*""각질"" + 0.020*""머리카락"" + 0.018*""효과"" + 0.015*""동물"" + 0.015*""농약"" + 0.015*""관리"""
youtube,youtube,unigram,4,5,0.365,"0.059*""효과"" + 0.044*""비듬"" + 0.036*""지루성두피염"" + 0.031*""성분"" + 0.029*""설페이트"" + 0.021*""아누오틴"" + 0.021*""니조랄"" + 0.021*""직구"""
youtube,youtube,bigram,0,3,0.6103,"0.021*""핑크솔트_탈모"" + 0.017*""비듬_비듬"" + 0.015*""모발_이식"" + 0.014*""비듬_각질"" + 0.013*""각질_비듬"" + 0.012*""설페이트_성분"" + 0.012*""비듬_클리너"" + 0.011*""자극_관리"""
youtube,youtube,bigram,1,3,0.6103,"0.016*""클리니컬_스트렝스"" + 0.011*""라보_에이치"" + 0.010*""과정_화학"" + 0.010*""농약_검사"" + 0.010*""잔류_농약"" + 0.010*""화학_물질"" + 0.010*""코코넛_유래"" + 0.010*""피부_세정"""
youtube,youtube,bigram,2,3,0.6103,"0.030*""킹스_파워"" + 0.012*""각질_비듬"" + 0.012*""아침_저녁"" + 0.011*""천연_계면활성제"" + 0.011*""각질_킹스"" + 0.009*""염증_비듬"" + 0.008*""비듬_탈모"" + 0.008*""비듬_기름"""
youtube,youtube,unibi_mix,0,6,0.3865,"0.020*""세정"" + 0.015*""농약"" + 0.015*""동물"" + 0.015*""설페이트"" + 0.011*""라보"" + 0.009*""코코넛"" + 0.009*""실험"" + 0.009*""판매"""
youtube,youtube,unibi_mix,1,6,0.3865,"0.040*""성분"" + 0.023*""뾰루지"" + 0.020*""지루"" + 0.015*""트러블"" + 0.014*""케어"" + 0.012*""친구"" + 0.012*""스케일러"" + 0.012*""감사"""
youtube,youtube,unibi_mix,2,6,0.3865,"0.025*""지성"" + 0.023*""고민"" + 0.020*""아침"" + 0.019*""지성두피"" + 0.019*""탈모"" + 0.016*""저녁"" + 0.014*""냄새"" + 0.014*""관리"""
youtube,youtube,unibi_mix,3,6,0.3865,"0.094*""비듬"" + 0.039*""각질"" + 0.027*""효과"" + 0.022*""지루"" + 0.015*""지루성두피염"" + 0.015*""직구"" + 0.014*""건조"" + 0.013*""스트레스"""
youtube,youtube,unibi_mix,4,6,0.3865,"0.039*""탈모"" + 0.036*""관리"" + 0.028*""설페이트"" + 0.024*""효과"" + 0.023*""지루"" + 0.020*""모발"" + 0.019*""성분"" + 0.017*""감사"""
youtube,youtube,unibi_mix,5,6,0.3865,"0.041*""탈모"" + 0.033*""비듬"" + 0.027*""머리카락"" + 0.018*""파워"" + 0.017*""킹스"" + 0.017*""킹스_파워"" + 0.014*""각질"" + 0.014*""뾰루지"""
