date,category_click,헤드앤숄더샴푸,헤드앤숄더차콜,헤드앤숄더,헤드앤숄더프로페셔널,헤드앤숄더클리니컬스트렝스,비듬샴푸,지루성두피샴푸,안티트로샴푸,지성두피샴푸,비듬,팬틴,헤드앤숄더_경쟁,닥터그루트,케라시스,두피케어카테고리
2020-01-31,61.096774193548384,41.96774193548387,0.0,19.967741935483872,0.0,25.548387096774192,34.645161290322584,13.806451612903226,0.0,4.741935483870968,2.0,3.55915,37.05272,26.65077,10.0371,56.6502
2020-02-29,68.75862068965517,56.0,0.0,28.137931034482758,0.0,28.379310344827587,48.06896551724138,18.137931034482758,0.0,5.310344827586207,2.8275862068965516,3.93285,40.64018,40.00114,9.78237,55.07493
2020-03-31,74.12903225806451,63.645161290322584,0.0,26.806451612903224,0.0,35.70967741935484,64.19354838709677,21.322580645161292,0.0,5.838709677419355,6.612903225806452,4.6338,54.35054,47.76955,10.54612,60.49814
2020-04-30,69.43333333333334,63.833333333333336,0.0,24.166666666666668,0.0,40.46666666666667,58.266666666666666,15.533333333333333,0.0,4.633333333333334,6.133333333333334,3.32255,47.42726,51.01295,9.77618,60.44418
2020-05-31,66.12903225806451,52.58064516129032,0.0,20.193548387096776,0.0,35.903225806451616,48.29032258064516,11.709677419354838,0.0,4.161290322580645,3.3548387096774195,3.6246,40.05244,56.09386,8.809,64.78301
2020-06-30,70.2,51.13333333333333,0.0,17.766666666666666,0.0,29.533333333333335,33.833333333333336,12.3,0.0,8.066666666666666,2.1333333333333333,3.32078,32.71876,78.64948,8.01827,66.31582
2020-07-31,71.0,46.935483870967744,0.0,17.806451612903224,0.0,26.096774193548388,13.67741935483871,11.35483870967742,0.0,9.161290322580646,1.7096774193548387,3.13548,32.89256,76.2574,9.22382,66.18005
2020-08-31,75.93548387096774,46.83870967741935,0.0,17.774193548387096,0.0,22.93548387096774,20.0,12.0,0.0,8.32258064516129,1.0,3.38624,32.76475,68.42354,9.99376,73.83082
2020-09-30,71.73333333333333,46.1,0.0,17.1,0.0,29.766666666666666,35.233333333333334,10.6,0.0,6.733333333333333,1.3,3.86386,36.88821,77.91094,9.45025,77.21352
2020-10-31,69.16129032258064,47.25806451612903,0.0,17.032258064516128,0.0,28.774193548387096,40.61290322580645,10.548387096774194,0.0,14.516129032258064,1.6451612903225807,5.14016,44.14583,100.0,9.60414,76.21804
2020-11-30,70.1,47.5,0.0,15.5,0.0,31.133333333333333,40.233333333333334,12.033333333333333,0.0,26.066666666666666,0.8,3.50608,41.83821,74.86876,11.83879,73.7322
2020-12-31,79.12903225806451,57.096774193548384,0.0,22.0,0.0,38.16129032258065,57.774193548387096,15.67741935483871,0.0,26.64516129032258,2.4516129032258065,3.29867,53.69868,67.48554,10.81633,75.47905
2021-01-31,62.25806451612903,41.0,0.0,16.096774193548388,0.0,39.38709677419355,19.225806451612904,4.451612903225806,0.0,10.483870967741936,0.8387096774193549,3.25445,57.65364,70.10538,9.84605,72.64561
2021-02-28,55.82142857142857,33.214285714285715,0.0,14.392857142857142,0.0,53.17857142857143,14.178571428571429,3.892857142857143,0.0,9.25,0.7142857142857143,2.76489,43.2211,48.60583,8.49854,60.29559
2021-03-31,54.225806451612904,41.58064516129032,0.0,18.096774193548388,0.0,46.83870967741935,13.935483870967742,3.129032258064516,0.0,9.35483870967742,0.45161290322580644,2.90242,46.27832,51.60511,9.24637,66.00404
2021-04-30,52.6,41.1,0.0,15.766666666666667,0.0,31.4,23.933333333333334,3.2666666666666666,0.0,9.466666666666667,0.26666666666666666,2.96699,39.53414,50.1236,8.3672,61.51662
2021-05-31,55.54838709677419,43.354838709677416,0.0,15.129032258064516,0.0,26.225806451612904,44.193548387096776,2.870967741935484,0.0,9.258064516129032,0.5161290322580645,2.66096,39.04635,49.35852,8.91956,66.0319
2021-06-30,58.833333333333336,41.7,0.0,14.366666666666667,0.0,27.3,36.266666666666666,2.966666666666667,0.0,11.0,0.36666666666666664,3.56225,35.86929,50.80731,8.90673,66.29017
2021-07-31,61.45161290322581,49.41935483870968,0.0,16.70967741935484,0.0,27.612903225806452,35.645161290322584,3.0,0.0,12.096774193548388,0.1935483870967742,2.73924,36.05857,46.94035,9.38922,72.46606
2021-08-31,71.58064516129032,53.96774193548387,0.0,18.741935483870968,0.0,39.54838709677419,35.516129032258064,3.5483870967741935,0.0,13.387096774193548,0.1935483870967742,2.97141,37.69928,48.84818,11.28687,78.2948
2021-09-30,63.36666666666667,47.3,0.0,15.4,0.0,38.53333333333333,34.53333333333333,3.033333333333333,0.0,10.0,0.13333333333333333,2.85422,34.991,47.44141,10.08663,77.14896
2021-10-31,59.903225806451616,53.58064516129032,0.0,15.32258064516129,0.0,37.58064516129032,43.774193548387096,2.870967741935484,0.0,10.32258064516129,0.3870967741935484,2.85289,38.8239,44.93523,9.73151,76.06148
2021-11-30,60.1,49.46666666666667,0.0,14.966666666666667,0.0,32.9,54.266666666666666,2.8333333333333335,0.0,8.433333333333334,0.9,2.50794,39.62126,43.53863,9.47368,71.52144
2021-12-31,68.61290322580645,56.38709677419355,0.0,15.258064516129032,0.0,30.516129032258064,66.87096774193549,2.935483870967742,0.0,9.451612903225806,0.7741935483870968,2.92498,42.98318,38.17823,9.32774,67.9928
2022-01-31,62.064516129032256,51.935483870967744,0.0,14.774193548387096,0.0,26.06451612903226,53.03225806451613,2.903225806451613,0.0,10.580645161290322,0.1935483870967742,2.9776,51.39372,35.63844,11.08035,81.55898
2022-02-28,64.53571428571429,57.92857142857143,0.0,16.75,0.0,28.035714285714285,60.75,4.0,0.0,12.428571428571429,0.5,3.27081,50.25981,26.80688,10.79952,77.78313
2022-03-31,62.29032258064516,56.193548387096776,0.0,16.29032258064516,0.0,26.258064516129032,48.67741935483871,3.870967741935484,0.0,11.483870967741936,0.3548387096774194,3.45522,53.10563,55.85726,10.279,75.48392
2022-04-30,59.86666666666667,55.333333333333336,0.0,17.4,0.0,30.0,44.4,4.0,0.0,10.133333333333333,0.6333333333333333,2.93603,41.44948,26.24656,9.25433,63.57481
2022-05-31,71.41935483870968,59.354838709677416,0.0,19.129032258064516,0.0,25.096774193548388,40.225806451612904,3.967741935483871,0.0,11.064516129032258,0.1935483870967742,2.88518,41.88023,43.70093,9.93361,69.13643
2022-06-30,74.93333333333334,54.5,0.0,16.066666666666666,0.0,18.433333333333334,29.366666666666667,3.6,0.0,10.066666666666666,0.36666666666666664,3.2655,43.01502,44.14892,10.02162,76.62844
2022-07-31,75.06451612903226,52.96774193548387,0.0,15.35483870967742,0.0,18.838709677419356,29.516129032258064,3.6129032258064515,0.0,8.064516129032258,0.16129032258064516,3.01917,40.76136,30.9467,11.43856,78.86441
2022-08-31,76.2258064516129,56.67741935483871,0.0,16.774193548387096,0.0,16.677419354838708,27.870967741935484,3.870967741935484,0.0,9.612903225806452,0.0967741935483871,3.76568,42.10046,36.96781,12.85373,75.17744
2022-09-30,64.13333333333334,45.53333333333333,0.0,14.833333333333334,0.0,15.7,25.3,3.466666666666667,0.0,9.133333333333333,0.13333333333333333,3.46672,36.53707,28.82129,10.76812,63.19581
2022-10-31,62.12903225806452,43.12903225806452,0.0,17.516129032258064,0.0,17.0,38.03225806451613,5.580645161290323,0.0,7.741935483870968,0.25806451612903225,3.46628,39.98169,27.01429,10.89947,79.62418
2022-11-30,71.8,48.6,0.0,21.8,0.0,20.433333333333334,49.53333333333333,7.2,0.0,14.533333333333333,0.16666666666666666,3.94434,43.64477,24.14282,10.66464,57.60544
2022-12-31,65.80645161290323,48.483870967741936,0.0,15.612903225806452,0.0,17.741935483870968,48.83870967741935,6.225806451612903,0.0,9.35483870967742,0.25806451612903225,4.10443,42.07747,22.90632,10.17773,49.74327
2023-01-31,81.06451612903226,53.74193548387097,0.0,18.64516129032258,0.0,25.096774193548388,30.35483870967742,3.3548387096774195,0.0,5.064516129032258,0.03225806451612903,3.7617,51.3517,25.53809,11.20462,58.84017
2023-02-28,81.03571428571429,54.714285714285715,0.0,19.821428571428573,0.0,25.357142857142858,30.714285714285715,4.214285714285714,0.0,6.464285714285714,0.03571428571428571,3.68077,52.54045,23.51395,10.65314,57.5988
2023-03-31,74.93548387096774,50.774193548387096,0.0,19.29032258064516,0.3225806451612903,22.548387096774192,27.516129032258064,3.870967741935484,0.0,5.935483870967742,0.0967741935483871,3.92179,48.45635,62.8995,10.62882,57.6386
2023-04-30,72.96666666666667,48.43333333333333,0.0,16.666666666666668,3.2666666666666666,18.133333333333333,24.0,3.966666666666667,0.0,5.433333333333334,0.03333333333333333,3.39243,41.65203,23.89251,10.4391,48.9437
2023-05-31,73.74193548387096,57.806451612903224,0.0,18.612903225806452,4.225806451612903,19.06451612903226,21.419354838709676,4.161290322580645,0.0,6.096774193548387,0.0,3.48087,41.72633,29.66464,10.87293,50.08026
2023-06-30,71.56666666666666,67.3,0.0,20.7,4.366666666666666,14.133333333333333,16.8,3.1333333333333333,0.0,5.133333333333334,0.1,3.87447,40.5995,24.67616,10.12776,44.28337
2023-07-31,71.09677419354838,65.12903225806451,0.0,21.516129032258064,4.064516129032258,17.580645161290324,13.548387096774194,3.129032258064516,0.0,4.67741935483871,0.0,3.42648,37.03548,25.70614,10.31748,46.46317
2023-08-31,73.48387096774194,65.96774193548387,0.0,20.258064516129032,2.7419354838709675,17.0,11.548387096774194,3.4193548387096775,0.0,4.870967741935484,0.0,3.55959,35.14711,28.05533,11.02772,49.52746
2023-09-30,63.46666666666667,48.0,0.0,16.433333333333334,3.0,16.5,11.666666666666666,2.7,0.0,4.066666666666666,0.0,3.19696,30.55045,27.11999,9.54223,46.03376
2023-10-31,64.93548387096774,50.03225806451613,0.0,17.93548387096774,3.4516129032258065,20.35483870967742,18.35483870967742,3.064516129032258,0.0,4.451612903225806,0.06451612903225806,3.14919,35.56812,26.07409,9.76291,50.62378
2023-11-30,68.4,57.86666666666667,0.0,22.766666666666666,2.8333333333333335,20.133333333333333,27.166666666666668,3.1333333333333333,0.0,4.5,0.06666666666666667,2.97716,36.11385,39.12772,9.16854,49.41513
2023-12-31,58.87096774193548,55.87096774193548,0.0,19.161290322580644,2.3870967741935485,16.322580645161292,32.354838709677416,2.064516129032258,0.0,3.3548387096774195,0.0,3.01564,36.43801,21.31425,9.29723,46.16775
2024-01-31,63.483870967741936,48.645161290322584,0.0,16.29032258064516,2.967741935483871,17.774193548387096,22.64516129032258,2.5161290322580645,0.0,5.258064516129032,0.0,3.22791,39.7159,24.24011,9.64439,50.53046
2024-02-29,63.275862068965516,36.206896551724135,0.0,13.862068965517242,2.4827586206896552,17.20689655172414,29.17241379310345,3.413793103448276,0.0,5.620689655172414,0.034482758620689655,2.95107,37.07484,20.7044,9.69923,45.4071
2024-03-31,57.61290322580645,34.29032258064516,0.0,13.193548387096774,2.032258064516129,18.548387096774192,23.774193548387096,3.903225806451613,0.0,4.806451612903226,0.12903225806451613,2.89093,38.20034,21.11347,9.44317,45.74365
2024-04-30,53.9,32.166666666666664,0.0,12.1,2.0,19.2,17.833333333333332,3.533333333333333,0.0,3.9,0.03333333333333333,2.66671,32.97349,19.6072,9.00668,44.4722
2024-05-31,56.806451612903224,37.41935483870968,0.0,17.93548387096774,1.8387096774193548,18.806451612903224,18.258064516129032,4.580645161290323,0.0,10.548387096774194,0.0967741935483871,3.27081,33.14287,20.74199,9.13316,45.30981
2024-06-30,56.733333333333334,33.3,0.0,12.633333333333333,1.8666666666666667,13.4,26.533333333333335,3.6,0.0,13.766666666666667,0.06666666666666667,5.31131,31.51852,18.74969,8.74399,42.75675
2024-07-31,63.483870967741936,43.096774193548384,0.0,13.193548387096774,1.903225806451613,15.03225806451613,12.32258064516129,4.258064516129032,0.0,10.290322580645162,0.03225806451612903,3.82228,32.49322,19.76773,9.34765,54.96879
2024-08-31,59.74193548387097,33.83870967741935,0.0,9.935483870967742,1.903225806451613,12.516129032258064,10.806451612903226,3.4516129032258065,0.0,4.580645161290323,0.0,3.95982,31.18728,18.7351,9.98182,53.23211
2024-09-30,54.1,32.43333333333333,0.0,10.133333333333333,2.066666666666667,14.166666666666666,11.566666666666666,3.7333333333333334,0.0,3.7666666666666666,0.06666666666666667,3.57375,28.50022,16.18602,8.88285,50.00773
2024-10-31,50.774193548387096,33.83870967741935,0.0,11.129032258064516,1.3548387096774193,16.06451612903226,42.935483870967744,3.3870967741935485,0.0,4.129032258064516,0.12903225806451613,3.88729,32.51666,16.04716,9.27114,46.21861
2024-11-30,46.06666666666667,24.966666666666665,0.0,8.0,1.9333333333333333,7.8,42.06666666666667,3.433333333333333,0.0,3.1,0.03333333333333333,3.43577,34.08529,17.14126,8.5494,44.70394
2024-12-31,45.96774193548387,24.129032258064516,0.0,7.741935483870968,1.032258064516129,5.258064516129032,17.258064516129032,3.2903225806451615,0.22580645161290322,3.2580645161290325,0.0,3.4968,35.90953,17.59058,8.83199,49.0693
2025-01-31,72.19354838709677,56.774193548387096,0.0,16.096774193548388,2.225806451612903,8.67741935483871,38.54838709677419,12.064516129032258,1.4838709677419355,11.32258064516129,0.22580645161290322,3.25887,37.68778,20.35458,8.7002,45.02191
2025-02-28,78.85714285714286,56.5,0.0,16.357142857142858,3.1785714285714284,9.785714285714286,62.142857142857146,13.928571428571429,1.4642857142857142,11.785714285714286,0.35714285714285715,3.45169,39.88793,19.31753,9.12299,38.54794
2025-03-31,67.3225806451613,54.32258064516129,0.0,15.0,3.4193548387096775,7.645161290322581,42.064516129032256,10.516129032258064,18.129032258064516,8.612903225806452,0.45161290322580644,3.03952,42.75056,15.53858,8.91115,40.24615
2025-04-30,68.13333333333334,41.43333333333333,0.0,11.333333333333334,2.6666666666666665,7.966666666666667,30.333333333333332,10.333333333333334,19.4,8.0,0.06666666666666667,2.68175,35.58625,14.75183,8.22612,39.86007
2025-05-31,63.193548387096776,39.45161290322581,0.0,10.709677419354838,3.5806451612903225,8.741935483870968,29.096774193548388,8.258064516129032,37.96774193548387,7.645161290322581,0.2903225806451613,2.65477,36.47693,18.4472,8.07886,38.15258
2025-06-30,58.666666666666664,34.733333333333334,0.0,9.8,2.8666666666666667,5.5,21.633333333333333,4.433333333333334,35.666666666666664,6.1,0.13333333333333333,2.79407,33.20169,14.73193,7.81882,34.76678
2025-07-31,60.61290322580645,31.419354838709676,0.0,8.451612903225806,2.5483870967741935,5.419354838709677,18.129032258064516,5.580645161290323,26.451612903225808,9.258064516129032,0.03225806451612903,3.87447,30.28599,13.79924,7.96476,38.45419
2025-08-31,47.16129032258065,24.677419354838708,0.0,6.516129032258065,1.7419354838709677,0.0,13.129032258064516,5.32258064516129,22.64516129032258,4.032258064516129,0.0,3.34068,30.37754,15.26837,8.65112,42.58958
2025-09-30,42.06666666666667,25.033333333333335,0.0,5.166666666666667,1.2666666666666666,0.0,11.233333333333333,3.8333333333333335,35.0,3.6333333333333333,0.0,2.98733,27.90054,12.75423,7.86879,38.43694
2025-10-31,35.25806451612903,21.838709677419356,0.06451612903225806,4.612903225806452,1.3870967741935485,0.0,13.387096774193548,2.7096774193548385,32.064516129032256,3.838709677419355,0.0,2.7012,28.97165,10.81765,6.96264,36.09616
2025-11-30,31.933333333333334,20.933333333333334,0.23333333333333334,4.066666666666666,1.5333333333333334,0.0,18.233333333333334,2.933333333333333,36.3,3.2333333333333334,0.23333333333333334,2.52519,30.98429,10.90256,6.47971,33.87566
2025-12-31,33.193548387096776,24.741935483870968,0.41935483870967744,4.064516129032258,1.6774193548387097,0.0,21.64516129032258,3.193548387096774,29.838709677419356,3.3225806451612905,0.16129032258064516,3.0917,33.91148,10.0287,6.97723,33.99551
2026-01-31,83.0,72.12903225806451,1.3870967741935485,13.612903225806452,4.870967741935484,0.0,38.16129032258065,7.870967741935484,70.0,7.32258064516129,0.4838709677419355,3.16821,37.66921,10.77078,8.79042,35.38282
2026-02-28,78.32142857142857,61.142857142857146,0.5357142857142857,10.392857142857142,3.0357142857142856,0.07142857142857142,34.82142857142857,5.857142857142857,81.82142857142857,6.071428571428571,0.4642857142857143,3.02714,32.41892,10.05877,7.37746,30.31385
2026-03-31,76.12903225806451,64.96774193548387,0.5806451612903226,11.0,3.6129032258064515,0.03225806451612903,28.903225806451612,6.580645161290323,75.54838709677419,6.645161290322581,0.3548387096774194,3.38491,36.65161,10.23301,7.68261,32.01516
2026-04-30,86.0,55.0,1.0,14.0,2.0,0.0,28.0,3.0,73.0,5.0,0.0,,,,,
